<?xml version="1.0"?>
<!DOCTYPE hook PUBLIC "-//Liferay//DTD Hook 6.2.0//EN" "http://www.liferay.com/dtd/liferay-hook_6_2_0.dtd">

<hook>
	<portal-properties>portal.properties</portal-properties> 
	<custom-jsp-dir>/META-INF/custom_jsps</custom-jsp-dir>
    <struts-action>
        <struts-action-path>/login/login</struts-action-path>
        <struts-action-impl>com.proliferay.demo.ExampleLoginAction</struts-action-impl> 
    </struts-action>
    <struts-action>
        <struts-action-path>/portal/proliferay</struts-action-path>
        <struts-action-impl>com.proliferay.demo.AddedAction</struts-action-impl> 
    </struts-action>  
</hook>